{
    "no_replay_vs_memory_15_iter_100": {
        "diff": -4.059686279283255,
        "p_val": 0.49
    },
    "no_replay_vs_memory_10_iter_100": {
        "diff": -7.277483805585007,
        "p_val": 0.12
    },
    "no_replay_vs_memory_5_iter_100": {
        "diff": -6.056072595928441,
        "p_val": 0.1
    },
    "no_replay_vs_memory_15_iter_1000": {
        "diff": -4.059686279283255,
        "p_val": 0.364
    },
    "no_replay_vs_memory_10_iter_1000": {
        "diff": -7.277483805585007,
        "p_val": 0.087
    },
    "no_replay_vs_memory_5_iter_1000": {
        "diff": -6.056072595928441,
        "p_val": 0.096
    },
    "no_replay_vs_memory_15_iter_10000": {
        "diff": -4.059686279283255,
        "p_val": 0.4076
    },
    "no_replay_vs_memory_10_iter_10000": {
        "diff": -7.277483805585007,
        "p_val": 0.0974
    },
    "no_replay_vs_memory_5_iter_10000": {
        "diff": -6.056072595928441,
        "p_val": 0.0996
    }
}