{
    "no_replay_vs_memory_15_iter_100": {
        "diff": -2.9781914183971594,
        "p_val": 0.13
    },
    "no_replay_vs_memory_10_iter_100": {
        "diff": -5.501495953100672,
        "p_val": 0.04
    },
    "no_replay_vs_memory_5_iter_100": {
        "diff": -4.019963406031422,
        "p_val": 0.04
    },
    "no_replay_vs_memory_15_iter_1000": {
        "diff": -2.9781914183971594,
        "p_val": 0.169
    },
    "no_replay_vs_memory_10_iter_1000": {
        "diff": -5.501495953100672,
        "p_val": 0.023
    },
    "no_replay_vs_memory_5_iter_1000": {
        "diff": -4.019963406031422,
        "p_val": 0.044
    },
    "no_replay_vs_memory_15_iter_10000": {
        "diff": -2.9781914183971594,
        "p_val": 0.1706
    },
    "no_replay_vs_memory_10_iter_10000": {
        "diff": -5.501495953100672,
        "p_val": 0.0224
    },
    "no_replay_vs_memory_5_iter_10000": {
        "diff": -4.019963406031422,
        "p_val": 0.0542
    }
}